{"count":1,"self":3089.6625664,"total":32365.5414853,"children":{"InitializeActuators":{"count":6,"self":0.0010142,"total":0.0010142,"children":null},"InitializeSensors":{"count":6,"self":0.0010000999999999999,"total":0.0010000999999999999,"children":null},"AgentSendState":{"count":4141901,"self":64.722374399999993,"total":419.4238095,"children":{"CollectObservations":{"count":24851406,"self":128.4535424,"total":128.4535379,"children":null},"WriteActionMask":{"count":24851406,"self":12.422855199999999,"total":12.422855,"children":null},"RequestDecision":{"count":24851406,"self":44.9853056,"total":213.8250424,"children":{"AgentInfo.ToProto":{"count":24851406,"self":43.6159776,"total":168.8397358,"children":{"GenerateSensorData":{"count":24851406,"self":125.22375679999999,"total":125.2237588,"children":null}}}}}}},"DecideAction":{"count":4141901,"self":28699.829862399998,"total":28699.8283232,"children":null},"AgentAct":{"count":4141901,"self":155.6333312,"total":156.6247378,"children":{"AgentInfo.ToProto":{"count":136394,"self":0.29866539999999997,"total":0.99140049999999991,"children":{"GenerateSensorData":{"count":136394,"self":0.69273509999999994,"total":0.69273509999999994,"children":null}}}}}},"gauges":{"newAgent.CumulativeReward":{"count":136394,"max":292.0568,"min":7.90389347,"runningAverage":86.4057541,"value":71.55762,"weightedAverage":98.82884}},"metadata":{"timer_format_version":"0.1.0","start_time_seconds":"1749687169","unity_version":"2022.3.22f1","command_line_arguments":"C:\\Program Files\\Unity\\Hub\\Editor\\2022.3.22f1\\Editor\\Unity.exe -projectpath C:\\Users\\andre\\DBL-SpinalOrthosis -useHub -hubIPC -cloudEnvironment production -licensingIpc LicenseClient-vTiTNB3MkZ_8x6d3G7BvI -hubSessionId b48a14e2-53bd-499a-a84b-144c4bd8cfea -accessToken ClJYW8BYaDDxEJ5AsLapjpYctVEK50d8iQROGzeqmT4007f","communication_protocol_version":"1.5.0","com.unity.ml-agents_version":"2.0.1","scene_name":"StartingScene - Andrei","end_time_seconds":"1749719535"}}