{"count":1,"self":821.4911488,"total":3583.1627623,"children":{"InitializeActuators":{"count":1,"self":0.00099899999999999989,"total":0.00099899999999999989,"children":null},"InitializeSensors":{"count":1,"self":0.0015113,"total":0.0015113,"children":null},"AgentSendState":{"count":500034,"self":2.7052346,"total":15.430536,"children":{"CollectObservations":{"count":500034,"self":4.3308728,"total":4.3308728,"children":null},"WriteActionMask":{"count":500034,"self":0.358385,"total":0.358385,"children":null},"RequestDecision":{"count":500034,"self":1.6520074999999999,"total":8.0360436,"children":{"AgentInfo.ToProto":{"count":500034,"self":1.6111404999999999,"total":6.3840360999999994,"children":{"GenerateSensorData":{"count":500034,"self":4.7728956,"total":4.7728956,"children":null}}}}}}},"DecideAction":{"count":500034,"self":2735.1365631999997,"total":2735.1365846999997,"children":null},"AgentAct":{"count":500034,"self":11.093977599999999,"total":11.1019765,"children":{"AgentInfo.ToProto":{"count":518,"self":0.0020201999999999998,"total":0.007999,"children":{"GenerateSensorData":{"count":518,"self":0.0059787999999999994,"total":0.0059787999999999994,"children":null}}}}}},"gauges":{"mlagent.CumulativeReward":{"count":518,"max":300.310852,"min":10.9989176,"runningAverage":124.284584,"value":270.447937,"weightedAverage":241.909256}},"metadata":{"timer_format_version":"0.1.0","start_time_seconds":"1749230445","unity_version":"2022.3.22f1","command_line_arguments":"C:\\Program Files\\Unity\\Hub\\Editor\\2022.3.22f1\\Editor\\Unity.exe -projectpath C:\\Users\\andre\\DBL-SpinalOrthosis -useHub -hubIPC -cloudEnvironment production -licensingIpc LicenseClient-zXzF_hD0DUBDe03u36iU2 -hubSessionId 54accdd8-a415-4129-b2c7-03e6f176a642 -accessToken pyoce7_S2F_pFHylMXRnlEefO974-i0_78BXBHfmsoA007f","communication_protocol_version":"1.5.0","com.unity.ml-agents_version":"2.0.1","scene_name":"StartingScene - ML 1","end_time_seconds":"1749234028"}}