{"count":1,"self":97.493049599999992,"total":1004.6455559999999,"children":{"InitializeActuators":{"count":6,"self":0.0009996,"total":0.0009996,"children":null},"InitializeSensors":{"count":6,"self":0.002008,"total":0.002008,"children":null},"AgentSendState":{"count":127651,"self":1.9908599999999999,"total":13.180806299999999,"children":{"CollectObservations":{"count":765906,"self":4.0493011999999995,"total":4.0493013,"children":null},"WriteActionMask":{"count":765906,"self":0.396785,"total":0.396785,"children":null},"RequestDecision":{"count":765906,"self":1.3426107,"total":6.7438601,"children":{"AgentInfo.ToProto":{"count":765906,"self":1.4436160999999998,"total":5.4012493999999993,"children":{"GenerateSensorData":{"count":765906,"self":3.9576331999999996,"total":3.9576333,"children":null}}}}}}},"DecideAction":{"count":127651,"self":889.11226879999992,"total":889.11222109999994,"children":null},"AgentAct":{"count":127651,"self":4.8229692,"total":4.8554698,"children":{"AgentInfo.ToProto":{"count":4225,"self":0.0097054,"total":0.0325006,"children":{"GenerateSensorData":{"count":4225,"self":0.022795199999999998,"total":0.022795199999999998,"children":null}}}}}},"gauges":{"newAgent.CumulativeReward":{"count":4225,"max":123.09491,"min":4.6659255,"runningAverage":34.7989,"value":24.09169,"weightedAverage":46.2653275}},"metadata":{"timer_format_version":"0.1.0","start_time_seconds":"1750080800","unity_version":"2022.3.22f1","command_line_arguments":"C:\\Program Files\\Unity\\Hub\\Editor\\2022.3.22f1\\Editor\\Unity.exe -projectpath C:\\Users\\andre\\DBL-SpinalOrthosis -useHub -hubIPC -cloudEnvironment production -licensingIpc LicenseClient-cO6OSV_KUrO4KaTmG9kvO -hubSessionId 40f07809-6010-4715-8b55-f968afe7222a -accessToken oApENimtWI58iLwFvYTiO0oWFL_ujtqVPi6pViBjN8s007f","communication_protocol_version":"1.5.0","com.unity.ml-agents_version":"2.0.1","scene_name":"StartingScene - Andrei","end_time_seconds":"1750081805"}}