{"count":1,"self":52.7535232,"total":116.72600229999999,"children":{"InitializeActuators":{"count":6,"self":0,"total":0,"children":null},"InitializeSensors":{"count":6,"self":0.00099969999999999985,"total":0.00099969999999999985,"children":null},"AgentSendState":{"count":21697,"self":0.31397759999999997,"total":1.1433229,"children":{"CollectObservations":{"count":130182,"self":0.62182969999999993,"total":0.62182969999999993,"children":null},"WriteActionMask":{"count":130182,"self":0.08493429999999999,"total":0.08493429999999999,"children":null},"RequestDecision":{"count":130182,"self":0.12258129999999999,"total":0.12258129999999999,"children":null}}},"DecideAction":{"count":21697,"self":62.728838399999994,"total":62.7288393,"children":null},"AgentAct":{"count":21697,"self":0.099318599999999993,"total":0.099318599999999993,"children":null}},"gauges":{},"metadata":{"timer_format_version":"0.1.0","start_time_seconds":"1750349270","unity_version":"2022.3.22f1","command_line_arguments":"C:\\Program Files\\Unity\\Hub\\Editor\\2022.3.22f1\\Editor\\Unity.exe -projectpath C:\\Users\\andre\\DBL-SpinalOrthosis -useHub -hubIPC -cloudEnvironment production -licensingIpc LicenseClient-atqEGenQhZO3vUx6SPrm_ -hubSessionId 46865462-7223-44ef-9990-e9f9f5b1eade -accessToken pqzp_ybTtHEYy6LgkfuOuT8VrRueev5BOlZA0KiETKc007f","communication_protocol_version":"1.5.0","com.unity.ml-agents_version":"2.0.1","scene_name":"StartingScene - Andrei 1","end_time_seconds":"1750349387"}}