{"count":1,"self":263.0355712,"total":2025.9718649,"children":{"InitializeActuators":{"count":6,"self":0.0012002999999999998,"total":0.0012002999999999998,"children":null},"InitializeSensors":{"count":6,"self":0.0010004,"total":0.0010004,"children":null},"AgentSendState":{"count":192851,"self":3.36724,"total":20.9907927,"children":{"CollectObservations":{"count":1157106,"self":6.680184,"total":6.6801841,"children":null},"WriteActionMask":{"count":1157106,"self":0.66305019999999992,"total":0.66305019999999992,"children":null},"RequestDecision":{"count":1157106,"self":2.2052516,"total":10.2803182,"children":{"AgentInfo.ToProto":{"count":1157106,"self":2.1637307999999997,"total":8.0750665,"children":{"GenerateSensorData":{"count":1157106,"self":5.9113356,"total":5.9113356999999995,"children":null}}}}}}},"DecideAction":{"count":192851,"self":1732.3356159999998,"total":1732.3355698,"children":null},"AgentAct":{"count":192851,"self":9.5211232,"total":9.6067275,"children":{"AgentInfo.ToProto":{"count":6421,"self":0.022094299999999997,"total":0.0856039,"children":{"GenerateSensorData":{"count":6421,"self":0.0635096,"total":0.0635096,"children":null}}}}}},"gauges":{"newAgent.CumulativeReward":{"count":6421,"max":186.436234,"min":13.434267,"runningAverage":60.1887436,"value":50.22362,"weightedAverage":67.29706}},"metadata":{"timer_format_version":"0.1.0","start_time_seconds":"1749803821","unity_version":"2022.3.22f1","command_line_arguments":"C:\\Program Files\\Unity\\Hub\\Editor\\2022.3.22f1\\Editor\\Unity.exe -projectpath C:\\Users\\andre\\DBL-SpinalOrthosis -useHub -hubIPC -cloudEnvironment production -licensingIpc LicenseClient-FuMIrVMa4yLNarDHtz6xO -hubSessionId 9b589ebc-6eea-4a05-b153-d3279fda5be7 -accessToken HXLVCdczH0Z6gjonCb9xtzA342T21a6CS_VIUnSXndY007f","communication_protocol_version":"1.5.0","com.unity.ml-agents_version":"2.0.1","scene_name":"StartingScene - Andrei","end_time_seconds":"1749805847"}}